Size,First_mean,First_std,Last_mean,Last_std,Middle_mean,Middle_std,Random_mean,Random_std
10,0.23,0.083666,0.226667,0.0583292,0.213333,0.0776079,0.41,0.16887
20,0.273333,0.104826,0.256667,0.085836,0.206667,0.0827682,0.63,0.0702213
30,0.703333,0.200832,0.76,0.206113,0.436667,0.121721,1.06333,0.129943
40,1.49,4.2753,0.713333,0.209652,0.436667,0.144993,1.12333,0.127802
50,0.893333,0.0980265,0.95,0.110641,0.473333,0.114269,1.42,0.129721
60,1.37333,0.0691492,1.47667,0.0971431,0.546667,0.113664,1.56667,0.102833
70,1.61667,0.166264,1.64333,0.216051,0.653333,0.113664,1.9,0.155364
80,2.47667,0.844325,2.54,0.865667,0.876667,0.264814,2.34,0.297808
90,2.83,0.988608,2.67667,0.457643,0.903333,0.24138,3.1,3.59617
100,5.55,0.449329,12.72,27.156,1.84333,0.414964,4.66,5.60982
110,4.04333,1.11871,9.16667,23.9274,1.18,0.342808,3.21333,0.433696
120,17.74,51.2304,4.38333,0.568169,1.1,0.136458,3.93,3.36197
130,7.21333,12.7796,5.14,0.640366,1.21,0.121343,3.43333,0.205667
140,5.13333,0.280803,5.26333,0.293003,1.31,0.142272,3.76,0.266005
150,6.76667,3.51247,6.82667,3.09782,1.36333,0.171169,3.89667,0.291823
160,6.87667,0.847993,7.39667,2.24061,1.43,0.123596,4.18,0.251067
170,8.50333,3.81544,7.99667,2.3897,1.62333,0.322366,4.38667,0.331905
180,8.27667,2.04816,11.8233,18.9775,2.14,2.65883,4.71333,0.300268
190,14.8867,11.426,25.8833,42.7039,2.73,1.62293,9.19333,12.2871
200,11.36,3.06342,11.74,3.17736,2.01333,0.550694,6.36,4.36298
210,11.2367,3.72989,10.7533,1.88492,1.94667,0.281294,5.58667,0.511747
220,11.9733,1.64462,12.7333,3.19766,1.97333,0.114269,5.71,0.280824
230,12.02,0.814693,12.9633,3.2288,2.05667,0.154659,5.91,0.295191
240,13.1967,2.42494,14.6567,4.36994,2.19667,0.380094,6.25,0.593499
250,20.25,9.50567,25.3833,19.5401,5.96333,14.8879,8.98667,5.15001
260,33.8933,48.7275,25.4133,7.58641,3.77333,0.964162,10.04,6.3363
270,21.99,7.99066,23.02,10.8814,3.17333,1.2137,8.82333,3.53492
280,20.0767,5.44374,19.88,5.12535,2.64667,0.507688,7.51667,0.664926
290,32.0467,25.3859,31.7667,18.5566,4.06667,1.9329,9.9,3.82523
300,22.09,5.18601,23.8533,6.56972,2.87,0.485052,8.95333,4.47943
310,22.72,6.51224,22.77,5.21921,2.85333,0.36928,8.09333,0.553318
320,33.84,15.2239,33.3933,14.8294,4.27,1.58574,11.3767,5.90095
330,43.9833,3.75216,44.6133,4.20605,5.66667,3.43002,10.94,0.523648
340,48.6933,17.8111,47.6233,18.2311,5.37667,1.80606,12.7733,8.18918
350,30.4367,9.16705,29.0667,6.75121,4.01667,2.84521,9.92667,1.91058
360,29.09,5.55284,28.5633,5.04931,3.56,0.732779,9.78333,1.29537
370,43.4667,26.46,41.93,23.3392,4.65,2.3664,11.5067,3.61357
380,31.32,5.97462,31.95,4.99281,3.57,0.155696,10.2667,2.37796
390,40.6233,18.5758,42.0767,24.6345,5.64,4.03157,13.7167,6.23129
400,38.72,9.70973,44.9467,23.0034,4.39,2.08349,12.4667,6.30251
410,34.81,4.16325,36.56,6.1201,4.18333,2.63296,10.6633,0.884535
420,49.3633,19.8141,51.07,28.9832,5.22333,2.81078,12.75,2.94416
430,39.0267,6.01549,40.7667,7.68919,3.98333,0.15775,11.14,0.400517
440,47.7433,17.4012,51.36,16.6378,4.99,2.92991,13.1133,3.70905
450,45.12,7.96347,45.3833,7.93665,4.08333,0.15105,11.58,0.407177
460,59.2633,22.7886,59.11,18.7846,5.11667,1.62291,13.6367,3.97583
470,43.71,4.07755,44.91,5.05933,4.25667,0.188795,12.55,2.33338
480,94.2067,23.9558,89.3433,27.5457,8.66333,2.56965,18.0567,4.25422
490,69.8967,38.9595,63.3633,20.6353,6.08667,4.61913,13.8367,1.60355
500,59.49,16.4916,66.6567,31.808,5.73,3.08211,15.2033,5.15474
510,71.7267,21.0888,62.14,10.7995,4.93,0.438768,13.9867,0.596966
520,74.1067,31.9189,69.1033,29.8727,6.17,3.381,15.3067,4.58423
530,72.64,44.4431,65.6567,27.0549,5.52333,1.69414,15.3067,3.88338
540,69.61,16.1112,67.01,12.9305,5.68667,1.59649,15.7,4.2208
550,75.7367,23.9315,68.06,22.1552,6.70333,7.38748,15.5967,2.69731
560,81.1,25.3374,80.2633,23.9438,6.27,2.83915,16.04,3.79978
570,83.0233,43.0061,76.4933,25.706,6.01,1.94517,15.5567,1.86172
580,77.6,16.934,83.75,32.5135,5.72667,1.09888,15.7067,1.14679
590,81.22,13.4596,79.8633,31.3778,6.07333,1.4159,16.1367,0.868802
600,87.61,22.4471,89.87,28.2394,6.16333,1.48358,16.6767,1.719
610,93.3067,40.6256,84.6533,21.6224,6.29667,1.9058,17.4667,3.44247
620,100.443,38.7918,97.21,45.408,7.89333,6.13525,19.42,7.13826
630,105.27,53.57,97.7,32.5542,6.75,1.92546,18.28,4.77388
640,122.74,53.5374,104.04,35.0718,8.89333,9.09543,20.21,5.41647
650,102.9,35.5901,100.393,35.0183,7.45,3.05927,19.6133,5.05738
660,106.26,38.4915,107.587,41.7356,8.18667,6.17803,19.9067,5.98527
670,112.06,27.97,112.033,40.679,7.46333,3.17864,19.4067,3.91856
680,124.797,53.6949,118.777,55.0181,8.01667,3.61645,21.3833,5.69701
690,116.19,35.794,115.587,41.5814,7.72667,2.64118,20.9767,5.46321
700,119.987,61.4401,121.423,46.4923,7.82333,2.29432,21.4933,6.62284
710,120.013,42.0642,118.33,62.2512,7.62333,1.97409,19.6567,2.40096
720,127.84,46.2756,115.737,31.148,7.54667,1.58631,23.0167,17.0493
730,130.193,56.2559,128.783,60.2004,8.75,4.16088,21.5633,4.94637
740,146.41,81.4266,137.107,51.9786,8.77667,3.41878,22.6133,6.12309
750,132.05,35.517,139.243,64.7336,9.55333,8.93751,22.21,7.88418
760,138.713,36.701,146.413,98.9312,10.6933,8.81593,22.7033,5.36801
770,152.24,57.7793,138.763,62.6301,9.26,3.54893,22.8433,4.00514
780,135.857,28.5848,139.833,38.4191,8.39,2.21521,22.95,5.07168
790,160.02,66.145,158.8,57.7587,8.69,1.9586,22.71,2.17563
800,154.627,47.8593,150.113,49.6829,12.95,18.3151,23.85,7.41572
810,175.653,61.224,169.88,58.3503,10.97,5.50261,25.81,6.74886
820,216.8,111.145,203.593,68.9332,11.27,3.04678,25.6633,5.17557
830,197.357,109.17,182.783,64.9681,11.2467,5.25998,27.48,8.68119
840,175.037,49.5773,172.287,54.7839,9.29333,2.31962,23.8167,2.15872
850,186.673,74.1838,174.447,76.6377,9.42333,2.77957,24.28,4.39635
860,178.437,44.4945,174.32,82.0417,9.30667,2.19355,24.5467,2.07293
870,192.943,56.76,178.663,89.3741,9.43,2.73195,24.8233,3.22765
880,194.1,65.5072,178.98,48.5592,13.02,16.0682,26.1833,6.23091
890,208.757,88.8241,203.843,77.1552,10.9733,3.44963,26.42,3.3908
900,230.617,72.8562,229.033,77.0954,11.4667,3.46821,26.78,3.37868
910,220.96,94.4704,208.5,74.2618,12.4633,13.0159,26.3433,3.58846
920,218.41,67.3553,204.217,59.4361,11.0933,3.19179,27.7933,4.00111
930,212.74,62.2828,210.26,70.3758,11.3667,3.42137,27.72,3.45168
940,229.467,75.279,231.88,106.751,13.3367,7.62815,30.1367,10.0286
950,217.02,65.324,245.437,195.384,11.2733,3.45443,29.7433,8.28375
960,213.897,60.6555,216.43,66.2066,10.2867,2.28937,28.9533,6.90591
970,246.53,113.138,251.47,120.695,10.9233,3.07186,29.2267,5.55896
980,242.307,116.344,218.133,63.1979,11.35,3.12341,28.35,2.93478
990,259.677,87.1776,258.213,117.205,12.5867,4.49872,31.5933,7.4595
1000,274.673,122.015,250.807,82.4205,11.97,3.70211,37.4067,23.6849
1010,237.487,77.763,238.163,128.757,10.9167,2.12783,29.69,4.72056
1020,244.867,107.571,235.377,62.0325,11.8667,3.10609,29.08,3.4256
1030,261.56,80.7495,260.517,121.709,12.4867,4.86612,29.93,3.86399
1040,251.683,83.3714,238.83,63.7447,11.5567,2.94041,31.3267,5.94619
1050,281.497,116.174,271.987,115.811,12.8933,5.67389,37.5567,28.12
1060,259.323,74.3164,253.483,63.3993,13.1633,3.91315,31.8933,5.42338
1070,296.903,92.1364,289.763,134.294,12.6167,3.19688,37.43,23.0338
1080,285.443,91.4743,291.113,106.926,12.0367,2.84441,34.65,13.4914
1090,354.16,134.252,304.947,110.104,17.27,16.9972,38.3633,13.2649
1100,277.947,91.0532,274.863,78.4628,12.0133,2.52118,32.36,7.79874
1110,304.02,105.83,266.96,77.6076,12.3233,2.38973,31.5533,3.35639
1120,278.863,90.8963,275.337,66.6946,14.5967,12.629,31.27,2.26657
1130,280.983,64.1994,286.39,118.351,13.51,5.20711,32.1233,3.20675
1140,326.18,100.133,305.523,114.415,14.2167,4.25547,35.6267,7.07691
1150,340.253,107.929,334.02,141.802,16.56,8.58365,34.6333,5.02088
1160,302.827,109.06,275.037,68.7385,12.5133,2.6921,33.19,5.1697
1170,379.723,121.809,382.277,169.746,16.77,6.65775,37.94,11.04
1180,380.25,111.777,373.24,129.505,15.9133,5.84033,36.3233,5.4386
1190,310.927,70.6653,300.643,75.9919,13.2433,2.8511,35.5533,11.4565
1200,331.96,100.366,324.837,131.08,15.94,10.1698,35.7567,5.97435
1210,328.917,120.606,319.113,88.5121,13.1367,2.95255,35.1633,6.08064
1220,343.073,73.9341,322.053,59.993,13.6833,4.31102,35.5333,6.6634
1230,332.65,73.8246,329.553,93.3569,13.9667,3.51934,35.9567,5.0944
1240,359.533,130.913,360.387,147.158,15.1767,6.80292,38.75,8.4981
1250,408.403,133.985,403.347,124.4,16.3467,5.05199,40.3467,9.18468
1260,351.27,74.1727,344.74,74.9409,15.1433,5.0543,36.2533,4.62092
1270,349.837,69.5763,337.83,79.7404,13.54,2.90025,34.8267,2.75041
1280,368.847,118.486,334.827,75.6664,13.96,3.4524,36.46,7.40711
1290,357.307,92.0643,364.067,140.049,15.0533,7.2959,37.3333,7.62185
1300,386.037,113.074,356.057,85.458,13.7733,2.12407,35.6667,2.3376
1310,377.293,103.927,357.21,107.573,16.05,6.54411,37.7967,9.31867
1320,379.05,107.576,333.507,53.896,14.1333,2.86204,37.2767,4.20711
1330,440,161.224,378.46,98.9601,16.3467,5.8045,39.6133,8.81495
1340,373.89,96.2919,361.65,83.3064,14.2967,3.25867,36.91,4.58914
1350,415.593,98.3786,448.257,228.163,17.37,7.63857,41.6467,11.2792
1360,396.34,90.5092,386.89,101.552,14.75,3.43609,38.0933,5.43862
1370,413.713,121.549,365.937,56.8019,14.5833,2.64993,37.5167,2.61693
1380,403.103,87.3775,390.65,79.8518,15.62,4.32526,42.6,13.3378
1390,450.04,131.341,418.987,96.1907,15.41,3.78803,41.2033,9.36941
1400,456.817,140.511,469.293,193.461,18.3267,7.65646,41.6733,6.16094
1410,437.247,107.944,402.777,91.9556,14.7533,2.65314,38.46,3.39346
1420,426.747,124.221,432.283,144.974,22.1333,34.1538,41.5667,14.9776
1430,515.02,221.191,489.373,155.362,18.7633,5.74231,43.2767,8.88799
1440,590.107,214.307,539.057,205.693,19.9967,6.42519,47.99,12.3028
1450,501.153,154.914,480.897,132.523,17.1233,4.33921,42.9633,6.18722
1460,484.63,109.769,445.697,106.573,16.0733,4.32379,40.99,3.57089
1470,512.09,187.569,453.657,114.791,17.0467,4.13803,46.5633,15.986
1480,497.727,175.466,474.487,140.212,20.3167,12.4576,44.38,9.30378
1490,486.733,126.003,476.463,162.708,16.4833,3.32743,43.7967,8.64948
1500,532.643,205.523,507.547,203.631,17.05,3.50436,45.62,11.7232
1510,538.99,178.732,534.45,208.966,18.6167,7.03259,50.6367,31.9042
1520,541.707,227.696,496.267,148.562,16.82,2.81601,43.0867,3.83961
1530,549.387,209.777,487.48,141.14,17.2233,3.93829,44.9333,7.44239
1540,520.27,146.402,470.76,80.1116,16.9567,4.57653,42.9267,4.89736
1550,480.157,93.1264,487.743,127.885,16.4933,3.43219,44.8767,8.79305
1560,513.003,158.574,478.88,89.93,18.51,9.24126,48.7867,19.1869
1570,598.79,224.092,512.687,136.128,18.46,5.48513,47.1167,10.0613
1580,556.687,162.666,485.65,106.459,16.7233,2.58773,46.49,8.86011
1590,544.61,104.355,550.81,198.094,18.9533,6.54052,45.7633,5.85624
1600,574.787,187.888,553.917,172.083,19.8767,8.22271,46.4467,6.15779
1610,573.59,154.185,536.61,104.806,20.1133,10.1638,48.4033,13.3167
1620,521.02,108.226,501.497,72.1321,16.38,0.720345,42.88,1.23104
1630,589.97,135.856,535.883,175.169,17.6433,3.56948,46.72,8.54047
1640,600.483,208.572,577.79,214.593,20.6833,14.1908,51.1067,14.3544
1650,573.273,128.646,591.25,192.746,19.54,6.51103,53.3167,39.4833
1660,659.03,293.591,581.173,172.692,18.34,3.6321,51.2833,11.2744
1670,651.247,188.003,615.223,151.194,20.5167,6.67807,49.4,8.96495
1680,612.18,177.542,589.953,229.592,20.4667,9.43217,50.4233,12.4195
1690,730.17,283.72,710.9,298.642,22.6333,9.10901,59.5567,36.4193
1700,1067.47,560.194,917.237,277.675,28.12,6.45207,61.7267,14.4897
1710,701.63,170.372,679.623,228.088,22.3533,9.82708,56.1633,21.8019
1720,745.577,278.672,712.283,234.456,23.0933,7.48022,59.2167,21.8639
1730,669.92,163.41,612.713,219.611,20.78,6.70355,54.91,17.2774
1740,629.257,179.104,627.26,197.389,21.55,9.55495,54.0333,16.633
1750,671.397,195.425,668.45,243.623,22.7367,16.3434,51.3567,13.7712
1760,741.55,234.859,744.563,252.808,23.22,9.42617,56.24,14.5742
1770,665.203,164.973,701.047,265.803,21.53,6.24953,51.5933,6.90072
1780,704.217,187.555,694.94,228.315,22.8733,8.539,53.0233,7.50134
1790,757.107,277.369,705.76,189.754,24.6567,12.7058,55.71,17.0604
1800,781.47,291.319,710.687,215.32,25.9767,21.7002,55.19,13.5517
1810,731.48,175.249,700.547,212.964,21.1633,7.22073,54.0667,10.459
1820,767.503,267.704,699.23,235.424,22.04,6.4439,55.5167,13.464
1830,765.69,236.989,791.86,258.269,25.12,13.0061,58.1,13.1963
1840,778.683,247.063,718.21,190.106,22.2267,5.4258,55.3433,13.6653
1850,738.68,184.362,703.74,194.799,23.66,12.0936,55.0933,14.9746
1860,722.98,182.656,750.587,256.947,21.9467,5.98543,56.7133,15.4126
1870,821.24,273.234,726.667,179.315,21.8367,7.59058,59.1033,35.1284
1880,792.18,271.167,709.387,146.943,22.13,10.479,51.3567,2.44324
1890,767.437,218.272,739.093,168.288,23.8833,10.1141,59.2,16.9731
1900,789.047,257.761,746.383,238.052,24.48,10.9532,55.9567,14.8607
1910,779.227,153.925,784.757,220.592,23.44,9.15328,57.8133,13.8755
1920,849.527,293.961,813.757,194.581,24.8433,12.3747,59.0267,14.8519
1930,836.43,235.914,748.307,126.086,24.6533,17.4303,59.2267,15.7944
1940,851.967,196.727,791.097,198.128,23.5333,9.79382,59.96,18.2939
1950,918.667,351.606,881.347,318.83,23.5967,5.72276,61.84,12.0782
1960,801.087,256.779,761.807,222.679,21.31,4.80936,56.1567,8.02804
1970,814.543,193.35,835.853,203.874,23.1767,8.97516,60.2,14.7067
1980,792,161.842,765.553,192.898,21.1533,4.41109,55.8967,4.83682
1990,795.567,190.343,748.19,94.5296,21.7967,6.19413,59.14,17.5829
2000,805.717,137.601,813.08,145.481,23.7133,9.9962,61.14,16.9991
2010,798.92,160.911,810.523,148.328,23.6467,6.81736,58.7533,7.28095
2020,860.593,205.715,800.447,161.557,21.7667,3.49298,58.54,9.72946
2030,958.893,265.801,868.337,261.264,25.05,9.366,74.6667,74.4214
2040,845.49,178.21,852.1,180.763,24.43,6.78615,59.6167,10.3047
2050,909.893,233.404,839.397,154.503,22.62,3.48379,60.2833,11.9076
2060,861.83,158.743,828.37,162.594,22.2233,4.4832,56.9433,4.41991
2070,907.403,176.963,853.723,195.594,22.5867,4.24684,59.3667,8.91853
2080,960.15,228.598,875.207,187.152,24.8567,7.59059,61.3867,11.4499
2090,917.173,218.515,843.017,130.758,23.77,5.4113,62.2733,17.1564
2100,951.99,233.288,928.013,241.465,26.41,9.98597,63.66,16.4409
2110,964.757,187.8,921.497,271.559,23.8967,4.37741,61.9867,7.68163
2120,957.633,241.479,887.397,206.874,24.29,5.37583,62.78,12.9817
2130,937.14,156.783,897.117,154.877,23.0033,4.75369,61.1267,8.1047
2140,943.807,214.669,856.877,92.1138,22.3267,2.84604,58.4433,4.08485
2150,941.293,210.404,859.94,106.397,23.53,4.27625,62.1567,7.53762
2160,1025.8,246.201,874.823,128.985,26.5667,10.3214,67.5633,16.9942
2170,971.197,177.218,980.277,266.499,25.16,7.6658,62.3033,9.0474
2180,1013.17,231.875,989.617,287.219,26.28,10.5736,65.6567,15.4389
2190,1057.76,264.063,971.693,198.237,26.68,8.30813,66.0133,11.1896
2200,991.037,192.711,949.433,218.743,25.7333,6.7415,65.8033,25.9521
2210,1097.33,315.212,1065.6,328.178,23.3833,0.996229,61.7067,5.11306
2220,1074.39,259.878,1004.14,228.576,31.8233,22.1665,70.4733,21.5059
2230,1041.4,252.965,963.613,159.893,25.5133,6.3295,77.08,64.0539
2240,1067.3,279.737,1008.26,182.292,28.1233,13.2715,66.3267,14.6785
2250,1078.81,283.195,970.81,159.965,26.1567,14.0195,72.4767,42.3265
2260,1026.58,161.27,1018.36,228.34,26.03,6.43102,73.8,45.5701
2270,1125.99,301.454,1085.13,324.035,27.58,10.5876,68.2867,16.5024
2280,1143.7,277.233,1215.6,344.924,35.88,21.5979,78.56,29.7348
2290,1202.39,367.143,1051.53,236.922,25.91,5.00175,66.2467,9.08309
2300,1224.12,392.564,1040.68,184.717,29.7933,20.9507,70.14,17.9941
2310,1191.21,313.091,1079.99,215.877,32.7867,14.8303,69.5533,12.2828
2320,1265.04,421.13,1267.89,495.331,28.5567,8.96825,67.5233,8.72704
2330,1191.68,306.39,1151.25,274.781,28.6967,9.38783,75.08,44.771
2340,1144.35,301.085,1165.53,291.883,27.9833,9.3516,69.34,13.6892
2350,1265.61,462.55,1220.24,384.461,29.6367,10.8286,71.8533,14.8372
2360,1384.57,460.525,1346.35,433.435,34.4467,13.3766,74.51,11.1161
2370,1181.26,274.048,1346.87,463.588,32.1433,12.8907,76.6633,27.2213
2380,1269.11,358.145,1221.62,318.891,32.93,15.1435,73.45,16.1513
2390,1252.62,340.124,1211.53,237.406,31.52,11.9793,74.95,19.0324
2400,1205.21,270.183,1173.38,285.102,28.8233,7.84214,80.5633,49.5572
2410,1225.79,262.15,1080.58,149.903,27.9067,5.92999,68.4633,7.07845
2420,1154.72,172.268,1121.36,197.466,27.54,7.54319,67.44,6.46996
2430,1347.13,338.518,1135.19,171.15,26.17,4.03999,70.58,19.5001
2440,1148.78,173.965,1163.74,208.698,28.64,7.66612,71.0267,8.89901
2450,1290.36,322.895,1284.56,414.19,36.5933,26.853,74.0667,13.4815
2460,1430.98,506.858,1249.11,330.319,28.0667,6.59176,70.08,8.57367
2470,1274.94,322.897,1205.66,218.771,28.1533,5.82235,70.6067,7.69361
2480,1264.56,304.995,1257.16,292.154,27.5933,5.27322,69.5533,6.43046
2490,1252.57,308.043,1258.56,246.264,29.4433,8.71866,74.82,16.743
2500,1211.16,172.258,1175.68,181.021,27.56,5.47588,71.8433,8.39654
2510,1256.4,207.51,1175.81,156.261,28.0133,6.23067,71.6367,8.28216
2520,1204.3,173.163,1173.53,182.926,25.95,1.37056,69.9033,6.37141
2530,1362.35,337.179,1290.56,320.072,28.9467,6.41382,71.9133,8.6563
2540,1356.86,320.28,1251.4,192.726,30.83,9.70557,75.3733,13.0656
2550,1279.36,213.158,1296.56,233.17,29.2733,6.68972,74.69,13.5042
2560,1330.13,209.595,1255,228.477,31.9033,12.8254,77.6467,20.7276
2570,1318.85,242.763,1228.62,156.395,30.4067,9.21011,75.78,8.76263
2580,1386.03,262.969,1272.48,246.714,28.6833,5.65832,73.1967,8.94128
2590,1315.6,158.437,1325.82,231.485,29.22,5.36588,76.3,9.59454
2600,1401.82,262.922,1366.96,277.991,34.9433,15.8729,87.2333,34.8947
2610,1369.92,279.813,1401.2,358.574,33.6733,11.6181,81.32,20.3181
2620,1620.04,542.58,1510.19,457.283,33.6433,9.49652,82.4667,17.1948
2630,1444.61,363.655,1340.32,225.164,29.01,4.52223,75.2167,13.4983
2640,1447.86,326.78,1408.04,252.862,34.9467,11.4263,78.6333,12.5389
2650,1715.07,556.107,1758.27,575.709,36.47,14.2409,86.5667,21.258
2660,1488.71,415.029,1455.87,344.347,34.9933,15.7039,78.88,10.8558
2670,1369.42,168.629,1364.35,239.467,30.6633,6.63447,76.0833,6.5118
2680,1417.34,194.03,1378.77,190.758,30.0433,6.20276,78.73,13.1024
2690,1472.64,302.838,1475.88,298.562,31.9033,7.59421,79.7633,14.2998
2700,1500.24,302.509,1504.31,453.708,30.6867,5.26817,78.1033,7.09091
2710,1508.76,228.149,1501.12,320.012,39.4633,38.4504,81.8367,13.627
2720,1645.11,452.635,1500.69,309,38.5833,18.9596,87.04,27.2229
2730,1559.89,394.369,1660.57,435.693,36.67,14.9247,82.8367,11.7616
2740,1530.54,322.302,1467.04,243.852,30.4133,6.12962,77.0733,7.10429
2750,1648.34,389.546,1466.88,223.006,30.4667,4.97825,77.7133,6.70788
2760,1587.24,266.966,1532.32,303.176,39.36,36.4355,86.5933,29.8349
2770,1659.63,330.527,1587.76,370.321,38.53,21.034,89.4767,32.1411
2780,1620.58,327.384,1694.34,476.66,33.6233,7.329,80.8567,8.07054
2790,2134.78,1355.29,1907.88,743.432,50.6567,58.7354,106.683,78.8678
2800,1539.97,213.349,1526.8,262.157,34.6167,10.0687,83.27,12.7075
2810,1628.07,337.499,1520.29,287.434,32.5433,7.83769,80.8433,10.0474
2820,1546.16,200.851,1592.24,288.847,31.4833,6.00592,80.8567,10.0567
2830,1604.05,244.059,1560.36,236.231,35.8467,14.6997,89.5567,33.021
2840,1589.15,309.92,1556.09,264.048,31.83,5.74127,82.2167,12.9058
2850,1638.27,309.342,1646.66,384.179,30.8267,4.50815,80.97,20.3038
2860,1839.2,416.29,1573.48,300.78,31.6733,3.23472,85.1367,26.4451
2870,1553.53,171.157,1834.4,385.633,36.7667,14.5237,90.4633,24.5222
2880,1756.56,405.075,1799.26,399.556,34.0967,6.98172,93.9133,26.5792
2890,1943.64,453.614,1852.14,476.865,38.11,10.1478,94.25,26.2919
2900,1807.45,306.483,1869.1,414.667,48.1,34.3408,88.7133,12.8728
2910,1915.71,459.926,1814.18,342.157,38.2433,12.8644,92.4667,23.4968
2920,1906.64,429.473,1899.29,493.112,40.5767,31.4822,99.2233,55.2659
2930,1872.1,370.28,1828.75,372.404,36.3133,14.779,89.3967,20.6772
2940,1833.16,343.926,1755.52,303.084,39.2233,11.6726,86.4933,10.649
2950,1796.47,270.581,1804.49,370.567,39.9967,16.995,92.73,25.2456
2960,1803.98,392.529,1774.98,249.046,37.81,18.8367,88.83,16.7229
2970,1760.17,291.784,1668.49,223.183,35.9567,11.8298,86.3667,9.33257
2980,1739.3,312.489,1782.67,324.802,36.9833,8.91121,88.8733,17.7101
2990,1900.27,464.689,1875.01,401.499,38.4333,12.4436,99.0333,45.7562
3000,1809.04,351.828,1799,343.44,40.47,37.1318,90.6567,24.6953
3010,2112.94,447.761,2139.74,588.507,57.26,97.2263,98.05,19.6591
3020,2002.91,526.016,2053.84,458.053,40.9767,12.3822,96.8067,21.166
3030,2193.15,639.703,2207.89,638.664,41.1233,13.6484,93.8133,16.8652
3040,2077.26,473.588,1932.4,504.364,45.03,29.9277,91.9367,16.416
3050,1874.4,342.828,1768.81,237.976,35.9133,8.37919,91.8133,15.8955
3060,2060.65,489.665,2029.42,560.65,36.05,7.65739,94.34,28.5496
3070,2088.8,565.459,2104.45,520.436,35.4767,5.81909,91.88,13.1021
3080,2088.94,433.775,2032.15,520.226,37.6633,9.67686,98.5,42.6715
3090,1970.05,474.687,2002.39,387.537,36.7067,11.1918,92.43,26.17
3100,2110.21,486.898,2117.59,531.102,37.7067,8.48447,90.5867,8.71901
3110,2208.46,541.509,2071.98,394.786,36.74,7.24933,96.4667,27.5711
3120,2073.73,381.19,2140.73,479.304,37.8467,10.4453,93.74,11.8804
3130,2014.46,300.922,2027.55,407.183,43.7833,32.0102,97.7067,25.4429
3140,2179.04,575.999,2203.12,681.739,44.2433,19.5068,101.5,37.9699
3150,2103.38,430.623,2081.13,465.444,41.13,17.3941,98.69,20.8679
3160,2108.01,411.143,1975.45,386.834,40.5933,18.8196,93.4333,20.0569
3170,2094.73,387.967,2050.59,428.855,40.0367,9.1067,97.22,23.1979
3180,2152.86,471.173,2075,394.66,42.2,14.8397,97.59,16.3487
3190,2110.39,428.244,2158.64,517.582,40.2467,16.5723,94.3233,11.8286
3200,2086.44,410.091,2019.53,291.216,36.69,5.79443,93.6,8.6263
3210,2108.88,412.486,2120.93,367.669,40.1433,16.4673,100.707,22.6288
3220,2152.26,334.633,2139.19,405.655,41.09,11.697,95.9667,15.9402
3230,2162.84,511.378,2183.61,488.078,36.67,5.19968,97.12,24.7826
3240,2301.93,479.041,2146.64,471.557,39.9567,9.3186,94.8267,10.3955
3250,2114.03,337.888,2111.6,303.815,46.5867,45.6458,103.633,39.7265
3260,2205.58,438.049,2200.62,484.876,39.1367,10.0497,97.23,14.893
3270,2132.5,362.578,2063.47,308.88,38.9567,12.3342,94.4,16.5632
3280,2120.47,283.673,2015,246.618,38.64,9.90446,92.5833,8.44949
3290,2143.19,320.898,2072.54,287.685,36.4667,6.98335,97.0467,14.6429
3300,2227.64,426.474,2144.84,373.199,36.8233,5.95452,94.6833,8.1947
3310,2189.42,288.945,2108.12,288.813,50.7567,60.9571,99.1,28.3403
3320,2282.65,360.018,2242.28,394.858,39.3867,8.65467,99.9767,16.4024
3330,2393.75,520.316,2284.7,504.642,41.1433,11.6333,97.8333,10.4298
3340,2312,362.046,2178.01,261.213,40.3433,15.7812,103.16,18.6743
3350,2254.32,365.049,2282.14,544.454,38.7,9.91064,99.69,16.6596
3360,2261.4,431.991,2248.69,268.855,38.5067,8.93424,99,13.1114
3370,2202.8,238.759,2240.31,334.408,44.4233,22.1962,100.31,11.4079
3380,2317.69,374.548,2321.42,438.212,40.1967,8.99201,97.0867,9.52824
3390,2316.53,344.931,2300.15,351.883,40.1133,9.05994,98.3633,13.9758
3400,2454.1,442.159,2378.22,524.008,40.25,10.2398,105.02,17.1211
3410,2405.15,501.335,2492.66,546.869,39.2667,8.18718,101.187,17.1654
3420,2304.49,317.242,2281.99,313.26,41.3033,12.676,107.27,26.2265
3430,2340.63,478.426,2264.76,265.007,39.8033,9.59836,101.787,13.6117
3440,2297.6,302.381,2245.74,318.796,42.7867,13.1376,99.3667,12.1994
3450,2310.76,305.205,2228.22,235.527,39.1733,8.57808,98.9633,10.6076
3460,2492.62,566.52,2514.87,511.689,41.0133,10.393,101.88,14.6731
3470,2380.14,479.916,2281.1,363.415,41.29,10.7604,102.557,18.9702
3480,2345.68,319.62,2254.53,229.17,42.0933,21.6469,108.143,42.5587
3490,2578.19,497.463,2350.72,308.923,41.2567,8.92967,99.7233,8.58494
3500,2397.01,339.887,2408.16,354.485,40.7,8.17389,99.0233,8.61753
3510,2472.74,455.254,2388.12,303,41.42,9.68705,100.663,11.6574
3520,2414.85,305.537,2445.26,295.314,46.6467,18.7616,101.787,12.9371
3530,2450.59,280.113,2399.68,310.494,40.06,7.93676,101.38,10.9812
3540,2447.46,288.329,2473.48,375.658,41.1467,10.4523,106.03,33.0541
3550,2492.18,351.288,2460.94,332.448,40.4,6.94148,104.387,12.2217
3560,2429.77,262.172,2457.6,302.458,42.8733,13.6047,108.53,26.0972
3570,2542.46,414.582,2458.84,332.067,39.3067,5.94938,102.013,10.2068
3580,2574.5,501.061,2543.71,487.468,43.1433,9.14408,106.55,19.9963
3590,2462.97,296.686,2530.24,346.025,39.4467,5.40254,100.907,9.27581
3600,2569.57,368.129,2682.25,411.574,45.6533,21.196,109.18,24.7114
3610,2764.75,488.713,2694.5,417.092,43.5167,9.55334,107.433,17.389
3620,2662.04,439.409,2656.16,405.506,40.25,3.45311,109.963,25.6895
3630,2962.03,682.959,2661.72,461.131,44.3233,10.1242,113.22,31.266
3640,2736.77,547.536,2627.69,373.83,46.34,28.1625,114.213,39.9547
3650,2729.43,452.396,2648.7,399.575,46.9267,30.2983,110.383,24.7911
3660,2864.07,513.299,2714.18,435.122,49.9933,33.4355,108.427,17.9719
3670,2843.47,489.497,2905.52,562.474,41.57,6.20462,106.76,14.9439
3680,2889.94,491.563,2871.06,473.471,47.5333,18.9764,113.31,22.0258
3690,2960.02,484.819,2844.59,505.276,45.0467,10.3279,123.15,46.4381
3700,2755.1,462.915,2881.29,555.788,42.8733,9.08261,113.243,23.5615
3710,2810.85,393.435,2738.13,364.492,47.67,20.9123,110.063,16.3375
3720,2783.4,395.7,2761.7,333.51,60.74,53.5718,124.057,55.1239
3730,2950.56,501.431,2760.81,622.521,43.8633,12.0366,109.613,10.9647
3740,2831.17,388.731,2767.06,438.306,49.7467,30.9525,118.503,54.8831
3750,3209.15,689.082,3004.08,547.686,46.92,15.8656,116.39,31.2048
3760,3001.13,545.595,2881.32,541.23,45.8433,10.6849,112.813,17.8502
3770,2701.77,223.013,2745.49,356.493,42.91,9.48488,108.143,12.4047
3780,2699.33,308.43,2725.25,318.281,41.74,5.06187,108.48,14.773
3790,2849.46,402.842,2709.44,301.902,44.9567,10.1008,110.603,10.6048
3800,2900.3,419.896,2728.43,300.123,43.7033,7.85241,111.547,20.5038
3810,3068.44,558.93,3001.77,588.975,47.2267,17.0248,115.58,25.3283
3820,2882.89,468.357,2858.5,348.205,41.2533,5.45342,110.677,15.7832
3830,2959.94,392.373,2894.82,421.072,47.85,16.079,123.36,49.7072
3840,2929.99,412.576,2854.17,320.228,42.0167,5.57854,110.027,11.6363
3850,2944.47,389.684,2930.92,364.27,43.7867,9.92134,111.567,11.8412
3860,2958.86,333.603,2911.55,297.773,48.5433,18.0774,117.43,18.1128
3870,2951.26,361.922,2926.68,476.724,47.3533,16.0687,115.357,17.365
3880,2922.98,321.449,3051.23,467.407,45.7533,13.1186,113.717,13.0142
3890,3002.47,322.281,2893.32,297.319,48.4667,15.6833,125.167,46.3945
3900,3066.78,359.734,3063.19,658.007,47.5467,12.6114,113.553,12.4057
3910,3001.38,377.389,2992.55,435.293,42.1733,3.77459,113.737,14.9201
3920,3307.27,526.943,3034.43,399.197,42.89,4.74846,112.84,7.90389
3930,3012.43,357.529,3389.18,516.463,55.47,24.2171,126.69,31.8141
3940,3244.39,537.856,3071.13,466.4,43.33,4.00286,113.61,12.8546
3950,3243.01,508.692,3199.61,467.443,43.7433,6.30302,119.44,30.3112
3960,3216.88,484.881,3338.84,561.398,43.4533,4.24473,114.873,9.03716
3970,3266.45,484.061,3452.68,599.828,49.4567,9.69855,114.82,9.89292
3980,2967.04,257.634,3767.12,322.167,51.8967,21.0889,122.5,17.8201
3990,3255.23,564.46,3480.59,434.379,50.2733,19.2417,124.943,42.5043
4000,3334.56,542.722,3195.16,371.87,52.79,21.953,133.08,38.0128
4010,3176.35,440.98,3248.64,418.414,52.3433,23.6305,122.737,31.9645
4020,3418.83,506.09,3092.25,437.566,47.1167,13.2546,118.19,21.6074
4030,3967.33,1023.79,3529.8,795.472,53.1167,12.5628,131.533,37.8721
4040,3244.68,717.245,3472.91,385.759,50.8667,18.7748,129.473,28.031
4050,3171.15,355.112,3036.57,247.036,43.0567,2.69222,116.863,14.5034
4060,3091.4,367.755,3124.51,285.481,46.0733,7.74303,121.243,34.8552
4070,3080.7,272.088,3225.78,373.132,43.2767,1.22663,116.193,9.34865
4080,3740.55,910.118,3825.51,915.122,60.2133,37.5681,160.503,124.888
4090,4369.85,1492.76,4383.57,2328.86,68.37,42.7891,149.437,70.3973
4100,3457.14,426.021,3061.84,211.794,45.6733,7.93699,115.153,8.82065
4110,3536.1,511.174,3372.63,461.309,47.38,7.40654,124.567,46.1102
4120,3649.57,417.282,3242.24,421.546,45.3367,6.37741,123.9,27.4356
4130,4006.88,617.641,3876.29,820.69,56.49,17.9634,141.443,47.546
4140,3309.5,472.344,3162.85,272.911,49.9667,12.5318,125.08,21.0526
4150,3206.87,264.346,3423.43,360.353,51.81,17.5178,123.65,22.8204
4160,3592.95,458.716,3522.79,495.536,48.0133,7.68459,118.097,7.88668
4170,3848.84,1228.66,4034.8,955.336,54.6233,16.6252,130.263,22.5495
4180,3276.57,306.682,3257.77,294.561,50.3333,13.1087,118.503,9.16968
4190,3373.73,358.736,3292.5,317.103,46.8367,9.06073,119.137,23.7345
4200,3282.7,474.807,3532.19,330.072,45.0133,2.52965,118.93,6.62509
4210,3846.85,549.689,3811.73,491.089,55.0667,17.1649,135.237,30.9948
4220,4133.7,622.953,4104.62,879.883,67.3633,50.6194,140.707,39.8749
4230,3868.45,538.744,3773.78,536.737,59.9567,22.7843,136.473,39.0045
4240,3522.93,378.24,3870.01,601.517,48.5367,8.86413,125.12,14.357
4250,3550.02,472.985,3620.18,393.349,47.2767,7.20324,123.39,11.4169
4260,3589.48,435.713,3530.08,402.699,60.7033,26.5343,135.25,33.859
4270,3725.91,541.233,3654.39,643.523,50.76,12.0103,127.873,21.1442
4280,4073.3,782.008,3823.07,564.709,49.9833,9.56156,131.583,17.852
4290,3858.11,816.442,3836.21,647.693,57.7967,17.937,132.857,20.9887
4300,3589.4,351.166,3536.16,358.424,51.4267,13.7844,122.667,14.3008
4310,3536.63,403.712,3663.4,359.095,53.7333,17.9472,129.027,17.9007
4320,3749.83,404.859,3877.59,421.84,52.2133,11.8333,134.203,44.5318
4330,3901.62,437.128,3897.07,422.154,55.7567,14.6481,133.64,23.7099
4340,4077.53,592.558,3979.82,629.637,63.6433,30.1487,136.883,35.4688
4350,3980.89,592.037,4036.78,437.009,54.81,13.7788,141.127,61.5879
4360,4446.21,712.936,4186.48,680.994,55.59,19.2868,137.253,35.999
4370,4445.41,1024.97,4286.13,785.047,61.2133,20.3713,138.487,29.2062
4380,3897.74,475.941,3703.25,394.512,53.5533,11.4856,127.483,12.0612
4390,3817.04,447.959,3731.86,383.113,53.26,21.3195,133.397,30.262
4400,3782.46,471.84,3839.49,400.247,56.1067,24.4607,138.377,41.6281
4410,3858.99,372.97,3689.81,390.358,56.34,22.4252,134.533,29.1442
4420,3835.39,343.496,3819.1,326.368,55.3167,18.167,138.847,35.696
4430,4003.5,478.416,4109.48,666.568,57.37,24.8434,133.927,25.1128
4440,4288.75,708.434,4275.6,652.948,59.12,20.3408,144.823,42.1795
4450,4249.04,467.659,4224.22,595.972,53.24,11.3447,139.443,40.5892
4460,4066.45,575.387,4069.17,448.928,64.7133,33.5488,150.433,54.1409
4470,4134.44,662.539,3984.31,405.805,53.3,13.7983,129.283,14.8705
4480,4114.05,457.823,4023.71,442.528,54.7367,11.8299,129.453,12.3097
4490,4300.28,788.525,4525.12,941.083,55.74,16.8237,134.82,17.3713
4500,4467.79,745.998,4173.99,742.291,59.1333,19.4062,145.2,33.041
4510,4017.11,531.271,3898.37,374.562,51.1467,8.7654,135.087,29.4704
4520,4166.86,708.64,4036.78,611.665,56.26,16.7465,130.377,10.912
4530,4339.58,763.346,4310.39,566.094,57.69,15.9892,144.977,68.7724
4540,4371.38,527.537,4412.43,583.144,61.5167,21.0851,148.617,49.9274
4550,4458.96,558.03,4494.06,646.832,54.9767,14.845,134.52,17.5899
4560,4584.66,826.102,4399.85,710.781,56.6233,13.6244,143.17,27.8197
4570,4602.33,804.878,4699.13,760.663,63.69,38.6781,148.4,47.7217
4580,4392.35,514.756,4380.97,537.079,64.3267,27.2094,144.86,43.3236
4590,4115.77,381.381,4166.85,386.667,51.8333,10.0329,136.75,28.9489
4600,4445.15,877.029,4452.06,844.226,56.5833,16.2094,141.897,26.3002
4610,4321.13,534.745,4338.01,490.449,57.23,19.9934,136.53,13.7088
4620,4659.26,1082.38,4499.4,873.257,63.7533,27.4111,144.357,34.6996
4630,4426.85,490.094,4434.34,534.565,54.3267,10.2409,133.95,9.89931
4640,4518.92,515.941,4392.96,575.227,52.18,9.66895,144.833,36.0954
4650,4499.45,570.251,4534.14,452.768,61.6167,30.569,141.023,27.6371
4660,4460.34,601.328,4440.11,793.677,58.08,15.7098,138.5,17.6309
4670,4326.68,630.796,4323.97,578.641,54.2367,10.3646,138.12,22.0418
4680,4275.05,503.313,4286.59,424.895,59.2867,14.4303,138.967,17.2002
4690,4697.91,827.485,4584.19,763.8,64.2133,27.0452,140.24,18.9391
4700,4366.72,589.553,4330.81,417.6,53.22,9.27847,135.697,13.1967
4710,4551.04,550.516,4382.32,472.758,57.8667,13.0524,152.63,55.7991
4720,4497.66,851.969,4215.52,478.634,57.06,18.3815,146.887,38.4355
4730,4319.55,436.799,4353.26,406.099,54.2167,12.9033,139.69,18.2239
4740,4959.42,1676.9,4762.02,1034.97,57.85,13.4526,143.67,25.1482
4750,4654.44,547.355,4943.9,1376.03,66.6367,26.0837,155.683,49.1662
4760,4403.33,376.993,4359.12,373.355,53.5833,7.94972,135.46,11.0826
4770,4582.78,414.927,4709.81,570.832,60.6467,26.6615,147.817,25.641
4780,4694.48,551.792,4725.22,540.777,66.54,28.0983,150.007,28.2558
4790,4562.88,534.227,4615.38,476.213,65.1,43.7808,139.81,14.4791
4800,4861.21,516.053,4735.98,551.732,60.0733,18.4427,153.37,31.6715
4810,4601.5,414.764,4583.18,542.24,62.1167,27.3764,145.79,37.0592
4820,4723.59,496.831,4683.36,517.275,58.99,20.998,150.377,48.1283
4830,4870.93,978.933,4828.55,637.455,58.8633,23.5973,145.193,23.766
4840,4697.2,436.258,4603.81,424.938,56.6067,9.94651,141.623,36.8149
4850,4412.76,322.875,4637.01,360.339,64.1833,29.1877,145.72,17.5871
4860,4566.54,530.476,4501.02,428.237,57.6533,12.7619,139.687,14.2457
4870,4702.86,445.692,4691.69,477.894,60.4033,19.1368,143.847,24.0287
4880,5240.29,744.001,5159.6,719.602,65.4467,48.1935,153.847,55.1612
4890,4966.61,610.585,5051.29,484.545,54.61,6.6477,143.49,13.0549
4900,4845.8,470.814,4728.09,475.645,57.21,13.7843,145.083,18.113
4910,5121.75,784.71,5453.31,1059.67,71.2133,30.4197,156.583,30.1673
4920,4863.43,489.561,4976.38,421.143,65.4967,23.8598,156.447,40.5214
4930,5284.03,642.041,5312.51,509.353,72.2433,29.396,172.283,53.8896
4940,5164.87,813.835,5081.24,529.378,58.5767,12.2026,144.897,15.6758
4950,4994.75,589.593,5132.22,898.728,59.4733,13.9854,148.66,20.6686
4960,6486.03,1566.75,6298.6,1277.87,72.11,23.8241,157.07,21.0245
4970,6664.27,1439.03,7057.53,1255.1,84.3267,29.3474,174.537,37.7712
4980,6435.36,1374.5,6780.68,1111.52,74.86,29.5412,172.133,33.4302
4990,6508.9,867.419,6412.88,948.084,73.56,19.2618,184.59,52.8465
5000,10575,2249.23,10972.5,2222.31,134.82,64.1231,277.293,99.3333
